TIME,CH1
0,0.96
0.000300000000000022,0.72
0.000599999999999989,0.92
0.001,0.72
0.00130000000000002,0.96
0.00159999999999999,0.84
0.00190000000000001,0.76
0.00219999999999998,0.8
0.00259999999999999,0.76
0.00290000000000001,0.6
0.00319999999999998,0.8
0.0035,0.72
0.00380000000000003,0.88
0.00419999999999998,0.76
0.0045,0.92
0.00480000000000003,0.92
0.00509999999999999,1.2
0.00540000000000002,0.8
0.00580000000000003,0.92
0.00609999999999999,0.8
0.00640000000000002,0.96
0.00669999999999998,0.64
0.00700000000000001,0.72
0.00740000000000002,0.96
0.00769999999999998,1.04
0.00800000000000001,0.88
0.00830000000000003,0.52
0.0086,0.64
0.00900000000000001,0.68
0.00930000000000003,0.64
0.0096,0.56
0.00990000000000002,0.56
0.0102,0.96
0.0106,0.64
0.0109,0.64
0.0112,0.76
0.0115,0.88
0.0118,0.76
0.0122,1
0.0125,0.68
0.0128,0.68
0.0131,0.72
0.0134,0.6
0.0138,0.6
0.0141,0.6
0.0144,0.6
0.0147,0.8
0.015,0.76
0.0154,0.8
0.0157,0.88
0.016,0.68
0.0163,0.6
0.0166,1.12
0.017,0.56
0.0173,0.68
0.0176,0.68
0.0179,1
0.0182,0.96
0.0186,0.72
0.0189,0.84
0.0192,0.56
0.0195,0.64
0.0198,0.56
0.0202,0.76
0.0205,0.76
0.0208,0.64
0.0211,0.92
0.0214,0.72
0.0218,0.8
0.0221,0.8
0.0224,0.84
0.0227,0.68
0.023,0.96
0.0234,0.6
0.0237,0.6
0.024,1.16
0.0243,0.6
0.0246,1.24
0.025,0.6
0.0253,0.56
0.0256,1.08
0.0259,0.56
0.0262,0.88
0.0266,0.64
0.0269,0.92
0.0272,0.76
0.0275,0.8
0.0278,0.6
0.0282,0.6
0.0285,0.68
0.0288,0.76
0.0291,1.08
0.0294,0.68
0.0298,0.76
0.0301,0.72
0.0304,1.2
0.0307,0.68
0.031,0.92
0.0314,0.76
0.0317,0.6
0.032,0.56
0.0323,1.12
0.0326,0.64
0.033,0.88
0.0333,0.72
0.0336,1.28
0.0339,0.64
0.0342,0.88
0.0346,0.72
0.0349,0.92
0.0352,0.6
0.0355,0.84
0.0358,0.64
0.0362,1.04
0.0365,0.64
0.0368,0.68
0.0371,0.72
0.0374,0.88
0.0378,0.8
0.0381,0.88
0.0384,0.76
0.0387,0.64
0.039,0.64
0.0394,0.8
0.0397,0.56
0.04,0.52
0.0403,0.56
0.0406,0.8
0.041,0.76
0.0413,0.76
0.0416,0.6
0.0419,0.92
0.0422,0.68
0.0426,0.68
0.0429,0.88
0.0432,0.68
0.0435,0.72
0.0438,0.88
0.0442,0.84
0.0445,1.08
0.0448,1.16
0.0451,0.88
0.0454,0.64
0.0458,0.8
0.0461,0.68
0.0464,0.72
0.0467,0.84
0.047,0.8
0.0474,0.6
0.0477,0.76
0.048,0.92
0.0483,0.72
0.0486,0.96
0.049,0.8
0.0493,0.72
0.0496,1.08
0.0499,0.6
0.0502,0.8
0.0506,0.76
0.0509,0.88
0.0512,0.8
0.0515,0.68
0.0518,0.72
0.0522,0.84
0.0525,0.56
0.0528,0.6
0.0531,0.8
0.0534,0.68
0.0538,0.68
0.0541,0.8
0.0544,0.76
0.0547,0.6
0.055,0.6
0.0554,0.72
0.0557,0.64
0.056,0.8
0.0563,0.6
0.0566,0.92
0.057,0.76
0.0573,0.8
0.0576,1.08
0.0579,0.64
0.0582,0.72
0.0586,0.96
0.0589,0.92
0.0592,0.88
0.0595,0.8
0.0598,0.84
0.0602,1.2
0.0605,1.24
0.0608,0.76
0.0611,0.68
0.0614,0.64
0.0618,0.56
0.0621,1.04
0.0624,0.6
0.0627,0.72
0.063,0.88
0.0634,0.6
0.0637,0.56
0.064,0.8
0.0643,0.68
0.0646,0.6
0.065,0.8
0.0653,0.8
0.0656,0.72
0.0659,0.72
0.0662,0.88
0.0666,0.56
0.0669,0.68
0.0672,0.84
0.0675,0.72
0.0678,0.8
0.0682,0.64
0.0685,0.56
0.0688,0.64
0.0691,0.84
0.0694,0.64
0.0698,0.84
0.0701,0.76
0.0704,0.6
0.0707,1.04
0.071,0.84
0.0714,1.08
0.0717,1.04
0.072,0.56
0.0723,0.64
0.0726,0.84
0.073,0.56
0.0733,0.84
0.0736,1.12
0.0739,1.04
0.0742,0.76
0.0746,0.96
0.0749,0.72
0.0752,1.2
0.0755,0.76
0.0758,0.64
0.0762,0.6
0.0765,0.6
0.0768,0.72
0.0771,0.64
0.0774,0.68
0.0778,0.92
0.0781,0.56
0.0784,0.96
0.0787,0.56
0.079,0.72
0.0794,0.88
0.0797,0.76
0.08,0.6
0.0803,0.92
0.0806,0.96
0.081,0.72
0.0813,0.64
0.0816,0.76
0.0819,0.76
0.0822,0.68
0.0826,0.8
0.0829,0.92
0.0832,0.56
0.0835,0.56
0.0838,0.72
0.0842,0.68
0.0845,0.6
0.0848,0.68
0.0851,0.56
0.0854,0.72
0.0858,0.68
0.0861,0.6
0.0864,0.8
0.0867,0.68
0.087,0.6
0.0874,1.2
0.0877,0.64
0.088,0.64
0.0883,0.8
0.0886,0.56
0.089,0.76
0.0893,1
0.0896,0.6
0.0899,0.88
0.0902,0.84
0.0906,0.68
0.0909,0.64
0.0912,0.6
0.0915,0.8
0.0918,0.72
0.0922,1.12
0.0925,0.68
0.0928,0.76
0.0931,0.56
0.0934,0.68
0.0938,0.84
0.0941,0.6
0.0944,0.88
0.0947,0.6
0.095,0.72
0.0954,0.64
0.0957,0.52
0.096,0.88
0.0963,0.64
0.0966,0.92
0.097,0.68
0.0973,0.88
0.0976,0.56
0.0979,0.68
0.0982,0.96
0.0986,0.96
0.0989,0.88
0.0992,0.96
0.0995,0.76
0.0998,0.68
0.1002,0.68
0.1005,0.76
0.1008,0.56
0.1011,0.64
0.1014,0.68
0.1018,0.72
0.1021,0.8
0.1024,0.56
0.1027,0.92
0.103,0.96
0.1034,0.64
0.1037,0.64
0.104,0.52
0.1043,0.56
0.1046,0.68
0.105,0.72
0.1053,0.6
0.1056,0.72
0.1059,0.8
0.1062,0.6
0.1066,0.56
0.1069,0.92
0.1072,0.92
0.1075,0.6
0.1078,0.6
0.1082,0.84
0.1085,1.12
0.1088,0.72
0.1091,0.8
0.1094,0.6
0.1098,0.6
0.1101,1.04
0.1104,0.92
0.1107,0.68
0.111,1.12
0.1114,0.88
0.1117,0.56
0.112,0.76
0.1123,0.88
0.1126,0.6
0.113,0.56
0.1133,0.76
0.1136,0.64
0.1139,0.8
0.1142,0.68
0.1146,0.8
0.1149,0.88
0.1152,0.6
0.1155,0.8
0.1158,0.92
0.1162,0.92
0.1165,0.92
0.1168,0.64
0.1171,0.8
0.1174,0.88
0.1178,0.56
0.1181,0.64
0.1184,0.56
0.1187,0.88
0.119,0.68
0.1194,0.92
0.1197,0.72
0.12,1
0.1203,0.76
0.1206,0.6
0.121,0.76
0.1213,0.92
0.1216,0.64
0.1219,0.6
0.1222,0.84
0.1226,0.96
0.1229,0.88
0.1232,0.84
0.1235,0.8
0.1238,0.84
0.1242,0.64
0.1245,0.56
0.1248,0.76
0.1251,0.72
0.1254,1.2
0.1258,1.04
0.1261,0.88
0.1264,0.8
0.1267,0.88
0.127,1
0.1274,0.88
0.1277,0.56
0.128,0.88
0.1283,0.92
0.1286,0.76
0.129,0.64
0.1293,0.56
0.1296,0.8
0.1299,0.92
0.1302,0.72
0.1306,0.88
0.1309,0.96
0.1312,0.64
0.1315,0.72
0.1318,0.6
0.1322,0.56
0.1325,0.72
0.1328,0.72
0.1331,0.92
0.1334,0.56
0.1338,0.6
0.1341,0.68
0.1344,1.04
0.1347,1.12
0.135,0.8
0.1354,0.64
0.1357,0.68
0.136,0.84
0.1363,0.64
0.1366,0.8
0.137,0.92
0.1373,0.64
0.1376,0.76
0.1379,0.64
0.1382,0.56
0.1386,0.6
0.1389,0.76
0.1392,0.8
0.1395,0.68
0.1398,0.68
0.1402,0.72
0.1405,0.8
0.1408,0.84
0.1411,0.72
0.1414,0.84
0.1418,0.84
0.1421,0.84
0.1424,0.96
0.1427,1
0.143,0.64
0.1434,0.64
0.1437,0.64
0.144,0.68
0.1443,0.68
0.1446,0.92
0.145,0.8
0.1453,0.8
0.1456,0.76
0.1459,1.04
0.1462,0.92
0.1466,0.64
0.1469,0.6
0.1472,1.16
0.1475,0.56
0.1478,0.8
0.1482,1.08
0.1485,0.8
0.1488,0.64
0.1491,0.84
0.1494,0.88
0.1498,0.8
0.1501,1.24
0.1504,0.92
0.1507,0.68
0.151,1.28
0.1514,0.6
0.1517,0.56
0.152,0.64
0.1523,0.72
0.1526,0.68
0.153,0.56
0.1533,0.6
0.1536,0.56
0.1539,0.52
0.1542,0.68
0.1546,0.88
0.1549,0.6
0.1552,1.28
0.1555,0.44
0.1558,0.6
0.1562,0.68
0.1565,0.76
0.1568,0.68
0.1571,0.76
0.1574,0.8
0.1578,1.16
0.1581,0.68
0.1584,0.84
0.1587,0.6
0.159,0.8
0.1594,0.68
0.1597,1.32
0.16,0.6
0.1603,0.64
0.1606,1
0.161,1
0.1613,0.92
0.1616,0.6
0.1619,1.12
0.1622,1.12
0.1626,0.88
0.1629,0.96
0.1632,0.96
0.1635,0.84
0.1638,0.72
0.1642,0.6
0.1645,1.08
0.1648,0.76
0.1651,0.92
0.1654,1.04
0.1658,0.76
0.1661,0.76
0.1664,1.12
0.1667,0.92
0.167,0.72
0.1674,0.84
0.1677,0.6
0.168,0.68
0.1683,0.88
0.1686,0.68
0.169,0.76
0.1693,0.8
0.1696,0.52
0.1699,0.8
0.1702,0.64
0.1706,0.76
0.1709,0.76
0.1712,0.92
0.1715,0.6
0.1718,0.64
0.1722,0.6
0.1725,1.04
0.1728,0.72
0.1731,0.92
0.1734,0.96
0.1738,1.08
0.1741,0.68
0.1744,0.8
0.1747,0.8
0.175,0.76
0.1754,0.6
0.1757,0.64
0.176,0.76
0.1763,0.88
0.1766,0.56
0.177,0.88
0.1773,0.68
0.1776,0.68
0.1779,0.68
0.1782,1.2
0.1786,0.76
0.1789,0.56
0.1792,0.68
0.1795,0.92
0.1798,0.84
0.1802,0.76
0.1805,1.12
0.1808,0.8
0.1811,0.6
0.1814,0.84
0.1818,0.84
0.1821,0.6
0.1824,0.88
0.1827,0.68
0.183,0.92
0.1834,0.68
0.1837,0.96
0.184,0.56
0.1843,0.84
0.1846,0.8
0.185,0.6
0.1853,0.88
0.1856,0.8
0.1859,0.6
0.1862,0.64
0.1866,1.16
0.1869,0.64
0.1872,0.56
0.1875,0.68
0.1878,0.8
0.1882,0.6
0.1885,0.84
0.1888,0.92
0.1891,0.96
0.1894,0.76
0.1898,0.56
0.1901,0.88
0.1904,0.72
0.1907,0.84
0.191,0.96
0.1914,0.88
0.1917,0.88
0.192,1.04
0.1923,0.88
0.1926,0.56
0.193,0.56
0.1933,0.8
0.1936,0.8
0.1939,0.8
0.1942,0.88
0.1946,0.6
0.1949,0.64
0.1952,0.72
0.1955,0.88
0.1958,0.56
0.1962,0.96
0.1965,0.8
0.1968,0.88
0.1971,0.88
0.1974,0.6
0.1978,0.6
0.1981,0.8
0.1984,0.84
0.1987,0.72
0.199,0.92
0.1994,1.12
0.1997,1.28
0.2,0.68
0.2003,0.76
0.2006,1.08
0.201,0.88
0.2013,0.72
0.2016,0.76
0.2019,0.72
0.2022,0.64
0.2026,0.64
0.2029,0.92
0.2032,0.84
0.2035,1.28
0.2038,0.96
0.2042,0.68
0.2045,0.6
0.2048,0.84
0.2051,0.64
0.2054,0.6
0.2058,0.64
0.2061,0.6
0.2064,0.6
0.2067,0.68
0.207,0.6
0.2074,0.72
0.2077,0.76
0.208,0.64
0.2083,0.92
0.2086,0.8
0.209,0.64
0.2093,0.8
0.2096,0.6
0.2099,0.84
0.2102,0.6
0.2106,0.68
0.2109,0.68
0.2112,0.84
0.2115,0.72
0.2118,0.6
0.2122,1
0.2125,1.16
0.2128,0.84
0.2131,0.64
0.2134,0.84
0.2138,0.8
0.2141,0.64
0.2144,1.12
0.2147,0.8
0.215,0.8
0.2154,1.08
0.2157,0.72
0.216,0.72
0.2163,0.76
0.2166,0.96
0.217,1.32
0.2173,0.92
0.2176,0.96
0.2179,0.68
0.2182,0.68
0.2186,1.2
0.2189,0.64
0.2192,0.64
0.2195,0.84
0.2198,0.68
0.22016,0.76
0.22048,1.12
0.2208,1.12
0.22112,0.92
0.22144,0.6
0.22176,0.88
0.22208,0.84
0.2224,0.64
0.22272,0.76
0.22304,1.04
0.22336,0.8
0.22368,0.56
0.224,1.08
0.22432,0.68
0.22464,0.84
0.22496,0.88
0.22528,0.68
0.2256,0.64
0.22592,0.88
0.22624,0.92
0.22656,0.88
0.22688,0.68
0.2272,0.8
0.22752,0.68
0.22784,0.68
0.22816,0.8
0.22848,0.56
0.2288,0.84
0.22912,0.72
0.22944,0.56
0.22976,0.76
0.23008,0.84
0.2304,0.76
0.23072,0.56
0.23104,1.28
0.23136,0.8
0.23168,0.8
0.232,0.88
0.23232,0.6
0.23264,0.96
0.23296,0.76
0.23328,0.6
0.2336,0.68
0.23392,0.92
0.23424,0.64
0.23456,0.76
0.23488,0.72
0.2352,0.8
0.23552,1.08
0.23584,0.76
0.23616,0.6
0.23648,0.88
0.2368,0.72
0.23712,0.8
0.23744,0.56
0.23776,0.68
0.23808,1
0.2384,0.56
0.23872,0.76
0.23904,0.68
0.23936,0.72
0.23968,0.8
0.24,0.56
0.24032,0.84
0.24064,1
0.24096,0.96
0.24128,0.88
0.2416,0.6
0.24192,1
0.24224,0.56
0.24256,0.84
0.24288,0.84
0.2432,0.8
0.24352,0.96
0.24384,0.8
0.24416,0.64
0.24448,0.88
0.2448,0.8
0.24512,1.36
0.24544,1.08
0.24576,0.84
0.24608,0.72
0.2464,0.88
0.24672,0.64
0.24704,0.76
0.24736,1
0.24768,0.96
0.248,0.72
0.24832,0.64
0.24864,0.88
0.24896,0.96
0.24928,0.68
0.2496,0.72
0.24992,0.76
0.25024,0.88
0.25056,0.92
0.25088,0.68
0.2512,0.88
0.25152,1.04
0.25184,0.84
0.25216,1
0.25248,0.84
0.2528,0.8
0.25312,0.68
0.25344,0.68
0.25376,0.8
0.25408,0.76
0.2544,0.96
0.25472,0.88
0.25504,0.52
0.25536,0.48
0.25568,0.84
0.256,0.64
0.25632,0.56
0.25664,0.84
0.25696,0.8
0.25728,0.56
0.2576,0.68
0.25792,0.8
0.25824,0.96
0.25856,0.92
0.25888,0.76
0.2592,0.92
0.25952,0.56
0.25984,0.92
0.26016,1
0.26048,1
0.2608,0.88
0.26112,0.92
0.26144,0.76
0.26176,0.6
0.26208,0.6
0.2624,0.84
0.26272,1.04
0.26304,0.88
0.26336,1
0.26368,0.68
0.264,0.64
0.26432,0.72
0.26464,0.76
0.26496,0.56
0.26528,0.88
0.2656,0.64
0.26592,0.76
0.26624,0.6
0.26656,0.72
0.26688,1.12
0.2672,0.64
0.26752,0.64
0.26784,0.6
0.26816,0.76
0.26848,1.04
0.2688,0.84
0.26912,1.12
0.26944,0.92
0.26976,0.6
0.27008,0.76
0.2704,0.68
0.27072,0.68
0.27104,0.68
0.27136,0.68
0.27168,0.64
0.272,0.84
0.27232,0.56
0.27264,0.56
0.27296,1.08
0.27328,0.6
0.2736,0.72
0.27392,0.6
0.27424,0.72
0.27456,0.88
0.27488,0.6
0.2752,0.6
0.27552,0.52
0.27584,0.88
0.27616,1.04
0.27648,0.8
0.2768,0.68
0.27712,0.72
0.27744,0.72
0.27776,1
0.27808,0.56
0.2784,0.56
0.27872,0.84
0.27904,1.04
0.27936,0.72
0.27968,0.6
0.28,0.56
0.28032,0.64
0.28064,0.76
0.28096,0.92
0.28128,0.6
0.2816,1.2
0.28192,0.76
0.28224,0.92
0.28256,0.72
0.28288,0.56
0.2832,0.68
0.28352,0.72
0.28384,0.6
0.28416,0.56
0.28448,0.56
0.2848,1
0.28512,0.96
0.28544,1.04
0.28576,0.6
0.28608,0.6
0.2864,0.68
0.28672,0.68
0.28704,0.68
0.28736,0.64
0.28768,0.84
0.288,0.68
0.28832,0.76
0.28864,0.76
0.28896,0.72
0.28928,0.8
0.2896,0.8
0.28992,1.04
0.29024,0.84
0.29056,0.68
0.29088,0.6
0.2912,0.96
0.29152,0.6
0.29184,0.6
0.29216,0.76
0.29248,0.76
0.2928,0.72
0.29312,0.56
0.29344,0.84
0.29376,0.72
0.29408,0.92
0.2944,1.12
0.29472,0.76
0.29504,0.68
0.29536,0.88
0.29568,0.68
0.296,0.72
0.29632,0.84
0.29664,1
0.29696,0.88
0.29728,0.92
0.2976,0.64
0.29792,0.84
0.29824,0.72
0.29856,0.56
0.29888,0.56
0.2992,1
0.29952,0.84
0.29984,0.72
0.30016,0.72
0.30048,0.56
0.3008,0.56
0.30112,0.8
0.30144,0.84
0.30176,0.68
0.30208,0.64
0.3024,0.8
0.30272,0.92
0.30304,1.04
0.30336,0.96
0.30368,0.88
0.304,0.64
0.30432,1
0.30464,0.72
0.30496,0.64
0.30528,1.2
0.3056,0.64
0.30592,0.6
0.30624,0.88
0.30656,0.68
0.30688,0.92
0.3072,0.88
0.30752,0.84
0.30784,0.76
0.30816,0.8
0.30848,0.84
0.3088,0.8
0.30912,0.64
0.30944,0.92
0.30976,0.76
0.31008,0.8
0.3104,0.92
0.31072,0.84
0.31104,0.64
0.31136,0.64
0.31168,1.04
0.312,0.56
0.31232,0.64
0.31264,1
0.31296,0.68
0.31328,0.64
0.3136,0.6
0.31392,0.92
0.31424,1.12
0.31456,0.6
0.31488,0.96
0.3152,0.68
0.31552,0.76
0.31584,0.72
0.31616,0.72
0.31648,0.88
0.3168,0.64
0.31712,0.92
0.31744,0.84
0.31776,0.68
0.31808,0.68
0.3184,0.92
0.31872,0.92
0.31904,0.88
0.31936,0.72
0.31968,0.92
0.319999999999992,1.76
0.32032,2.08
0.32064,2.48
0.32096,2.88
0.32128,3.12
0.3216,3.28
0.32192,3.2
0.32224,3.24
0.32256,3.28
0.32288,3.2
0.3232,3.24
0.32352,3.08
0.32384,3.16
0.32416,3.32
0.32448,3.28
0.3248,3.12
0.32512,3.16
0.32544,3.32
0.32576,3.2
0.32608,3.16
0.3264,3.16
0.32672,3.04
0.32704,3.2
0.32736,3.2
0.32768,3.08
0.328,3.16
0.32832,3.2
0.32864,3.12
0.32896,3.16
0.32928,3.2
0.3296,3.08
0.32992,3.04
0.33024,2.84
0.33056,3.04
0.33088,3.16
0.3312,3.12
0.33152,3
0.33184,3.12
0.33216,3.16
0.33248,3
0.3328,3
0.33312,2.88
0.33344,2.88
0.33376,3.04
0.33408,3.04
0.3344,3
0.33472,3
0.33504,2.8
0.33536,3.04
0.33568,2.92
0.336,3
0.33632,2.88
0.33664,3.04
0.33696,2.92
0.33728,2.96
0.3376,2.84
0.33792,2.64
0.33824,2.88
0.33856,2.8
0.33888,3.04
0.3392,2.88
0.33952,2.76
0.33984,2.92
0.34016,2.68
0.34048,2.84
0.3408,2.92
0.34112,2.88
0.34144,2.92
0.34176,2.8
0.34208,2.88
0.3424,2.8
0.34272,2.92
0.34304,2.72
0.34336,2.88
0.34368,2.88
0.344,2.8
0.34432,2.8
0.34464,2.84
0.34496,2.8
0.34528,2.76
0.3456,2.68
0.34592,2.72
0.34624,2.76
0.34656,2.68
0.34688,2.64
0.3472,2.76
0.34752,2.6
0.34784,2.72
0.34816,2.68
0.34848,2.76
0.3488,2.64
0.34912,2.6
0.34944,2.72
0.34976,2.72
0.35008,2.52
0.3504,2.68
0.35072,2.68
0.35104,2.84
0.35136,2.6
0.35168,2.6
0.352,2.6
0.35232,2.72
0.35264,2.64
0.35296,2.68
0.35328,2.52
0.3536,2.6
0.35392,2.6
0.35424,2.48
0.35456,2.64
0.35488,2.44
0.3552,2.52
0.35552,2.6
0.35584,2.56
0.35616,2.6
0.35648,2.52
0.3568,2.4
0.35712,2.52
0.35744,2.4
0.35776,2.28
0.35808,2.4
0.3584,2.44
0.35872,2.72
0.35904,2.48
0.35936,2.36
0.35968,2.32
0.36,2.48
0.36032,2.52
0.36064,2.52
0.36096,2.4
0.36128,2.4
0.3616,2.44
0.36192,2.44
0.36224,2.44
0.36256,2.48
0.36288,2.4
0.3632,2.56
0.36352,2.44
0.36384,2.36
0.36416,2.56
0.36448,2.4
0.3648,2.36
0.36512,2.36
0.36544,2.32
0.36576,2.28
0.36608,2.4
0.3664,2.4
0.36672,2.44
0.36704,2.4
0.36736,2.32
0.36768,2.2
0.368,2.4
0.36832,2.28
0.36864,2.36
0.36896,2.36
0.36928,2.28
0.3696,2.28
0.36992,2.32
0.37024,2.28
0.37056,2.24
0.37088,2.36
0.3712,2.24
0.37152,2.36
0.37184,2.4
0.37216,2.28
0.37248,2.28
0.3728,2.2
0.37312,2.2
0.37344,2.2
0.37376,2.2
0.37408,2.24
0.3744,2.28
0.37472,2.28
0.37504,2.36
0.37536,2.16
0.37568,2.2
0.376,2.12
0.37632,2.2
0.37664,2.24
0.37696,2.24
0.37728,2.2
0.3776,2.2
0.37792,2.24
0.37824,2.24
0.37856,2.04
0.37888,2.28
0.3792,2.24
0.37952,2.12
0.37984,2.2
0.38016,2.04
0.38048,2.16
0.3808,2.28
0.38112,2.32
0.38144,2
0.38176,2.12
0.38208,2.24
0.3824,2.16
0.38272,2.16
0.38304,2.04
0.38336,2.2
0.38368,2.08
0.384,2.04
0.38432,2.2
0.38464,2.08
0.38496,2
0.38528,2
0.3856,2.08
0.38592,2.08
0.38624,2.12
0.38656,2
0.38688,2.16
0.3872,2.08
0.38752,2.08
0.38784,2.16
0.38816,2.04
0.38848,2.16
0.3888,2.16
0.38912,2.12
0.38944,2.12
0.38976,2
0.39008,2.04
0.3904,1.88
0.39072,2.16
0.39104,2.24
0.39136,1.96
0.39168,2.16
0.392,1.92
0.39232,2
0.39264,1.96
0.39296,2
0.39328,1.96
0.3936,2.08
0.39392,1.88
0.39424,2.08
0.39456,2.04
0.39488,2.04
0.3952,2.08
0.39552,1.92
0.39584,2
0.39616,1.92
0.39648,2.08
0.3968,1.96
0.39712,1.88
0.39744,2.08
0.39776,2.04
0.39808,2
0.3984,2.04
0.39872,2
0.39904,1.8
0.39936,2.08
0.39968,1.96
0.4,2
0.40032,1.92
0.40064,1.88
0.40096,2.04
0.40128,1.88
0.4016,1.96
0.40192,2.08
0.40224,1.96
0.40256,1.96
0.40288,2
0.4032,1.92
0.40352,1.84
0.40384,1.92
0.40416,2
0.40448,1.96
0.4048,1.84
0.40512,1.96
0.40544,1.72
0.40576,1.88
0.40608,1.8
0.4064,1.8
0.40672,1.84
0.40704,1.88
0.40736,1.84
0.40768,1.84
0.408,1.88
0.40832,2
0.40864,1.76
0.40896,1.88
0.40928,1.76
0.4096,1.92
0.40992,1.84
0.41024,1.96
0.41056,1.72
0.41088,1.8
0.4112,1.88
0.41152,1.8
0.41184,1.92
0.41216,1.96
0.41248,1.92
0.4128,1.8
0.41312,1.84
0.41344,1.84
0.41376,1.8
0.41408,1.72
0.4144,1.88
0.41472,1.72
0.41504,1.84
0.41536,1.88
0.41568,1.72
0.416,1.72
0.41632,1.84
0.41664,1.76
0.41696,1.68
0.41728,1.8
0.4176,1.84
0.41792,1.72
0.41824,1.8
0.41856,1.8
0.41888,1.72
0.4192,1.76
0.41952,1.88
0.41984,1.64
0.4202,1.76
0.4205,1.72
0.4208,1.72
0.4211,1.8
0.4214,1.56
0.4218,1.92
0.4221,1.72
0.4224,1.6
0.4227,1.64
0.423,1.52
0.4234,1.72
0.4237,1.72
0.424,1.56
0.4243,1.8
0.4246,1.8
0.425,1.6
0.4253,1.68
0.4256,1.76
0.4259,1.6
0.4262,1.64
0.4266,1.72
0.4269,1.72
0.4272,1.68
0.4275,1.68
0.4278,1.64
0.4282,1.72
0.4285,1.64
0.4288,1.84
0.4291,1.68
0.4294,1.56
0.4298,1.52
0.4301,1.64
0.4304,1.56
0.4307,1.48
0.431,1.64
0.4314,1.56
0.4317,1.48
0.432,1.6
0.4323,1.6
0.4326,1.56
0.433,1.56
0.4333,1.64
0.4336,1.48
0.4339,1.56
0.4342,1.48
0.4346,1.48
0.4349,1.4
0.4352,1.64
0.4355,1.56
0.4358,1.6
0.4362,1.56
0.4365,1.56
0.4368,1.6
0.4371,1.56
0.4374,1.52
0.4378,1.6
0.4381,1.56
0.4384,1.44
0.4387,1.48
0.439,1.6
0.4394,1.48
0.4397,1.44
0.44,1.56
0.4403,1.44
0.4406,1.48
0.441,1.4
0.4413,1.6
0.4416,1.48
0.4419,1.48
0.4422,1.48
0.4426,1.56
0.4429,1.48
0.4432,1.52
0.4435,1.52
0.4438,1.6
0.4442,1.48
0.4445,1.32
0.4448,1.6
0.4451,1.4
0.4454,1.48
0.4458,1.56
0.4461,1.44
0.4464,1.44
0.4467,1.48
0.447,1.64
0.4474,1.56
0.4477,1.52
0.448,1.44
0.4483,1.48
0.4486,1.56
0.449,1.44
0.4493,1.52
0.4496,1.56
0.4499,1.6
0.4502,1.48
0.4506,1.32
0.4509,1.48
0.4512,1.44
0.4515,1.4
0.4518,1.48
0.4522,1.4
0.4525,1.48
0.4528,1.48
0.4531,1.4
0.4534,1.4
0.4538,1.48
0.4541,1.48
0.4544,1.32
0.4547,1.32
0.455,1.44
0.4554,1.52
0.4557,1.44
0.456,1.48
0.4563,1.44
0.4566,1.4
0.457,1.24
0.4573,1.28
0.4576,1.32
0.4579,1.4
0.4582,1.52
0.4586,1.4
0.4589,1.44
0.4592,1.36
0.4595,1.4
0.4598,1.44
0.4602,1.36
0.4605,1.44
0.4608,1.36
0.4611,1.4
0.4614,1.48
0.4618,1.44
0.4621,1.4
0.4624,1.32
0.4627,1.32
0.463,1.32
0.4634,1.28
0.4637,1.4
0.464,1.4
0.4643,1.4
0.4646,1.52
0.465,1.44
0.4653,1.24
0.4656,1.48
0.4659,1.4
0.4662,1.36
0.4666,1.56
0.4669,1.4
0.4672,1.36
0.4675,1.4
0.4678,1.36
0.4682,1.36
0.4685,1.28
0.4688,1.44
0.4691,1.24
0.4694,1.44
0.4698,1.52
0.4701,1.44
0.4704,1.32
0.4707,1.4
0.471,1.32
0.4714,1.24
0.4717,1.44
0.472,1.24
0.4723,1.32
0.4726,1.48
0.473,1.44
0.4733,1.32
0.4736,1.32
0.4739,1.4
0.4742,1.24
0.4746,1.24
0.4749,1.44
0.4752,1.52
0.4755,1.24
0.4758,1.24
0.4762,1.32
0.4765,1.24
0.4768,1.32
0.4771,1.24
0.4774,1.28
0.4778,1.32
0.4781,1.32
0.4784,1.32
0.4787,1.4
0.479,1.24
0.4794,1.24
0.4797,1.16
0.48,1.28
0.4803,1.44
0.4806,1.28
0.481,1.24
0.4813,1.24
0.4816,1.4
0.4819,1.4
0.4822,1.24
0.4826,1.2
0.4829,1.28
0.4832,1.4
0.4835,1.32
0.4838,1.28
0.4842,1.16
0.4845,1.24
0.4848,1.24
0.4851,1.04
0.4854,1.32
0.4858,1.28
0.4861,1.32
0.4864,1.32
0.4867,1.4
0.487,1.32
0.4874,1.32
0.4877,1.28
0.488,1.32
0.4883,1.24
0.4886,1.32
0.489,1.28
0.4893,1.32
0.4896,1.2
0.4899,1.24
0.4902,1.32
0.4906,1.44
0.4909,1.28
0.4912,1.12
0.4915,1.24
0.4918,1.2
0.4922,1.24
0.4925,1.24
0.4928,1.16
0.4931,1.24
0.4934,0.92
0.4938,0.64
0.4941,0.56
0.4944,0.52
0.4947,0.52
0.495,0.52
0.4954,0.52
0.4957,0.52
0.496,0.56
0.4963,0.52
0.4966,0.48
0.497,0.52
0.4973,0.52
0.4976,0.52
0.4979,0.48
0.4982,0.48
0.4986,0.48
0.4989,0.52
0.4992,0.52
0.4995,0.52
0.4998,0.52
0.5002,0.52
0.5005,0.48
0.5008,0.48
0.5011,0.48
0.5014,0.52
0.5018,0.52
0.5021,0.48
0.5024,0.52
0.5027,0.52
0.503,0.48
0.5034,0.52
0.5037,0.52
0.504,0.52
0.5043,0.48
0.5046,0.52
0.505,0.48
0.5053,0.52
0.5056,0.52
0.5059,0.48
0.5062,0.48
0.5066,0.48
0.5069,0.52
0.5072,0.48
0.5075,0.52
0.5078,0.48
0.5082,0.52
0.5085,0.48
0.5088,0.48
0.5091,0.52
0.5094,0.52
0.5098,0.48
0.5101,0.52
0.5104,0.48
0.5107,0.52
0.511,0.52
0.5114,0.48
0.5117,0.52
0.512,0.48
0.5123,0.48
0.5126,0.52
0.513,0.52
0.5133,0.52
0.5136,0.52
0.5139,0.52
0.5142,0.52
0.5146,0.48
0.5149,0.52
0.5152,0.48
0.5155,0.48
0.5158,0.52
0.5162,0.48
0.5165,0.52
0.5168,0.48
0.5171,0.52
0.5174,0.48
0.5178,0.52
0.5181,0.48
0.5184,0.52
0.5187,0.48
0.519,0.48
0.5194,0.48
0.5197,0.52
0.52,0.48
0.5203,0.52
0.5206,0.48
0.521,0.52
0.5213,0.52
0.5216,0.48
0.5219,0.52
0.5222,0.52
0.5226,0.48
0.5229,0.52
0.5232,0.52
0.5235,0.52
0.5238,0.52
0.5242,0.48
0.5245,0.48
0.5248,0.52
0.5251,0.48
0.5254,0.48
0.5258,0.48
0.5261,0.52
0.5264,0.52
0.5267,0.52
0.527,0.52
0.5274,0.48
0.5277,0.52
0.528,0.48
0.5283,0.48
0.5286,0.52
0.529,0.48
0.5293,0.48
0.5296,0.52
0.5299,0.48
0.5302,0.48
0.5306,0.48
0.5309,0.52
0.5312,0.52
0.5315,0.48
0.5318,0.48
0.5322,0.48
0.5325,0.48
0.5328,0.48
0.5331,0.48
0.5334,0.52
0.5338,0.48
0.5341,0.48
0.5344,0.52
0.5347,0.48
0.535,0.48
0.5354,0.52
0.5357,0.48
0.536,0.48
0.5363,0.48
0.5366,0.48
0.537,0.52
0.5373,0.48
0.5376,0.48
0.5379,0.48
0.5382,0.48
0.5386,0.52
0.5389,0.48
0.5392,0.48
0.5395,0.48
0.5398,0.48
0.5402,0.48
0.5405,0.48
0.5408,0.48
0.5411,0.52
0.5414,0.48
0.5418,0.48
0.5421,0.52
0.5424,0.48
0.5427,0.48
0.543,0.48
0.5434,0.52
0.5437,0.48
0.544,0.48
0.5443,0.48
0.5446,0.52
0.545,0.48
0.5453,0.48
0.5456,0.52
0.5459,0.48
0.5462,0.52
0.5466,0.48
0.5469,0.48
0.5472,0.52
0.5475,0.48
0.5478,0.52
0.5482,0.52
0.5485,0.52
0.5488,0.48
0.5491,0.52
0.5494,0.48
0.5498,0.52
0.5501,0.52
0.5504,0.52
0.5507,0.48
0.551,0.48
0.5514,0.48
0.5517,0.48
0.552,0.48
0.5523,0.52
0.5526,0.48
0.553,0.48
0.5533,0.48
0.5536,0.48
0.5539,0.52
0.5542,0.48
0.5546,0.52
0.5549,0.52
0.5552,0.48
0.5555,0.48
0.5558,0.48
0.5562,0.48
0.5565,0.48
0.5568,0.52
0.5571,0.48
0.5574,0.52
0.5578,0.52
0.5581,0.48
0.5584,0.52
0.5587,0.52
0.559,0.48
0.5594,0.48
0.5597,0.48
0.56,0.48
0.5603,0.48
0.5606,0.48
0.561,0.48
0.5613,0.52
0.5616,0.48
0.5619,0.48
0.5622,0.48
0.5626,0.52
0.5629,0.48
0.5632,0.48
0.5635,0.48
0.5638,0.48
0.5642,0.48
0.5645,0.48
0.5648,0.48
0.5651,0.48
0.5654,0.52
0.5658,0.52
0.5661,0.48
0.5664,0.48
0.5667,0.48
0.567,0.48
0.5674,0.52
0.5677,0.48
0.568,0.48
0.5683,0.48
0.5686,0.52
0.569,0.48
0.5693,0.48
0.5696,0.48
0.5699,0.48
0.5702,0.48
0.5706,0.48
0.5709,0.48
0.5712,0.48
0.5715,0.48
0.5718,0.48
0.5722,0.48
0.5725,0.44
0.5728,0.44
0.5731,0.48
0.5734,0.52
0.5738,0.48
0.5741,0.48
0.5744,0.52
0.5747,0.52
0.575,0.48
0.5754,0.48
0.5757,0.48
0.576,0.52
0.5763,0.48
0.5766,0.52
0.577,0.48
0.5773,0.48
0.5776,0.48
0.5779,0.48
0.5782,0.48
0.5786,0.48
0.5789,0.48
0.5792,0.48
0.5795,0.48
0.5798,0.48
0.5802,0.48
0.5805,0.48
0.5808,0.48
0.5811,0.48
0.5814,0.48
0.5818,0.48
0.5821,0.48
0.5824,0.48
0.5827,0.48
0.583,0.48
0.5834,0.48
0.5837,0.48
0.584,0.48
0.5843,0.48
0.5846,0.48
0.585,0.48
0.5853,0.48
0.5856,0.48
0.5859,0.48
0.5862,0.48
0.5866,0.48
0.5869,0.48
0.5872,0.52
0.5875,0.48
0.5878,0.48
0.5882,0.48
0.5885,0.48
0.5888,0.52
0.5891,0.52
0.5894,0.48
0.5898,0.48
0.5901,0.48
0.5904,0.48
0.5907,0.48
0.591,0.48
0.5914,0.48
0.5917,0.48
0.592,0.48
0.5923,0.48
0.5926,0.48
0.593,0.48
0.5933,0.48
0.5936,0.48
0.5939,0.48
0.5942,0.48
0.5946,0.48
0.5949,0.52
0.5952,0.48
0.5955,0.48
0.5958,0.44
0.5962,0.48
0.5965,0.48
0.5968,0.48
0.5971,0.48
0.5974,0.48
0.5978,0.48
0.5981,0.52
0.5984,0.48
0.5987,0.48
0.599,0.52
0.5994,0.48
0.5997,0.48
0.6,0.48
0.6003,0.48
0.6006,0.48
0.601,0.48
0.6013,0.48
0.6016,0.48
0.6019,0.48
0.6022,0.48
0.6026,0.48
0.6029,0.52
0.6032,0.48
0.6035,0.48
0.6038,0.48
0.6042,0.48
0.6045,0.48
0.6048,0.48
0.6051,0.48
0.6054,0.48
0.6058,0.48
0.6061,0.48
0.6064,0.48
0.6067,0.48
0.607,0.48
0.6074,0.48
0.6077,0.48
0.608,0.48
0.6083,0.48
0.6086,0.48
0.609,0.48
0.6093,0.48
0.6096,0.52
0.6099,0.48
0.6102,0.52
0.6106,0.48
0.6109,0.48
0.6112,0.52
0.6115,0.48
0.6118,0.52
0.6122,0.48
0.6125,0.48
0.6128,0.48
0.6131,0.44
0.6134,0.48
0.6138,0.48
0.6141,0.48
0.6144,0.48
0.6147,0.48
0.615,0.48
0.6154,0.48
0.6157,0.48
0.616,0.48
0.6163,0.48
0.6166,0.48
0.617,0.48
0.6173,0.48
0.6176,0.48
0.6179,0.48
0.6182,0.48
0.6186,0.48
0.6189,0.48
0.6192,0.48
0.6195,0.44
0.6198,0.48
0.6202,0.48
0.6205,0.48
0.6208,0.48
0.6211,0.48
0.6214,0.48
0.6218,0.44
0.6221,0.48
0.6224,0.48
0.6227,0.48
0.623,0.48
0.6234,0.48
0.6237,0.48
0.624,0.48
0.6243,0.48
0.6246,0.48
0.625,0.44
0.6253,0.48
0.6256,0.44
0.6259,0.44
0.6262,0.48
0.6266,0.48
0.6269,0.48
0.6272,0.48
0.6275,0.48
0.6278,0.44
0.6282,0.48
0.6285,0.48
0.6288,0.48
0.6291,0.48
0.6294,0.48
0.6298,0.52
0.6301,0.48
0.6304,0.48
0.6307,0.48
0.631,0.48
0.6314,0.48
0.6317,0.48
0.632,0.48
0.6323,0.48
0.6326,0.48
0.633,0.48
0.6333,0.48
0.6336,0.48
0.6339,0.48
0.6342,0.48
0.6346,0.48
0.6349,0.48
0.6352,0.48
0.6355,0.48
0.6358,0.48
0.6362,0.48
0.6365,0.48
0.6368,0.48
0.6371,0.44
0.6374,0.48
0.6378,0.48
0.6381,0.44
0.6384,0.44
0.6387,0.48
0.639,0.48
0.6394,0.48
0.6397,0.48
