﻿Designator,Footprint,Quantity,Value,LCSC Part #
"C1, C4, C6",C_Disc_D4.7mm_W2.5mm_P5.00mm,3,470nF,
"C2, C3, C5",C_Disc_D5.0mm_W2.5mm_P2.50mm,3,100nF,
J1,PinHeader_1x01_P2.54mm_Vertical,1,S1,
J2,PinSocket_1x04_P2.54mm_Vertical,1,RF_RCV_1,
J3,PinSocket_1x04_P2.54mm_Vertical,1,RF_RCV_2,
J4,PinHeader_1x01_P2.54mm_Vertical,1,S2,
J5,PinSocket_1x04_P2.54mm_Vertical,1,RF_RCV_3,
J6,PinHeader_1x01_P2.54mm_Vertical,1,S3,
J7,PinSocket_1x06_P2.54mm_Vertical,1,Socket,
"R1, R11, R6",R_Axial_DIN0204_L3.6mm_D1.6mm_P2.54mm_Vertical,3,39kR,
"R10, R15, R5",R_Axial_DIN0204_L3.6mm_D1.6mm_P2.54mm_Vertical,3,1kR,
"R12, R2, R7",R_Axial_DIN0204_L3.6mm_D1.6mm_P2.54mm_Vertical,3,5.6kR,
"R13, R4, R8",R_Axial_DIN0204_L3.6mm_D1.6mm_P2.54mm_Vertical,3,500R,
"R14, R3, R9",R_Axial_DIN0204_L3.6mm_D1.6mm_P2.54mm_Vertical,3,330R,
"RV1, RV2, RV3",282S,3,Trim,
"U1, U2, U3, U4, U5, U6",SOT-363_SC-70-6,6,LTC6752-SC70,
